{
  "AVG_editing_success": 0.8225624310618719,
  "total_editing_time": 10805.295027017593,
  "total_samples": 1000,
  "AVG_SRS_REWRITE": 15.312,
  "REWRITE/editing_success": 0.905,
  "REPHRASE/editing_success": 0.776,
  "SBJ_HOP/editing_success": 0.8832262353201862,
  "OBJ_OLD_HOP/editing_success": 0.7972294719935756,
  "OBJ_NEW_HOP/editing_success": 0.9030437411812134,
  "SBJ/editing_success": 0.874,
  "OBJ_OLD/editing_success": 0.5152,
  "OBJ_NEW/editing_success": 0.9268
}